id,currency,money_out,money_in
1001,GBP,,15
1002,GBP,-13.56,
1003,GBP,,10
1004,GBP,-10.15,
1005,GBP,,170
1006,GBP,-170,
1007,GBP,,20
1008,GBP,-3.98,
1009,GBP,-2.98,
1010,GBP,-0.5,
1011,GBP,-5.98,
1012,GBP,,15
1013,GBP,,20
1014,GBP,-18,
1015,GBP,,5
1016,GBP,,3
1017,GBP,0,
1018,GBP,-20,
1019,GBP,-1.49,
1020,GBP,-0.5,
1021,GBP,-4.58,
1022,GBP,-4,
1023,GBP,,20
1024,GBP,-3.98,
1025,GBP,-5,
1026,GBP,-4.29,
1027,GBP,-7.99,
1028,GBP,,10
1029,GBP,-7,
1030,GBP,-4.2,
1031,GBP,,6.5
1032,GBP,-3.99,
1033,GBP,,350
1034,GBP,-150,
1035,GBP,-150,
1036,GBP,-2.58,
1037,GBP,-15,
1038,GBP,-15,
1039,GBP,-11.77,
1040,GBP,-2.67,
1041,GBP,,30
1042,GBP,-15,
1043,GBP,0,
1044,GBP,-7,
1045,GBP,-5,
1046,GBP,-1.8,
1047,GBP,,15
1048,GBP,-10.54,
1049,GBP,-6.5,
1050,GBP,,5
1051,GBP,-10.48,
1052,GBP,,20
1053,GBP,-9.57,
1054,GBP,,10
1055,GBP,-10,
1056,GBP,,15
1057,GBP,-10.62,
1058,GBP,-6,
1059,GBP,-1.99,
1060,GBP,-3.99,
1061,GBP,,15
1062,GBP,,2.61
1063,GBP,-15,
1064,GBP,,5
1065,GBP,-4,
1066,GBP,-3.58,
1067,GBP,,300
1068,GBP,-300,
1069,GBP,,5
1070,GBP,-4.65,
1071,GBP,,25
1072,GBP,,30
1073,GBP,-3.59,
1074,GBP,-21.99,
1075,GBP,-13.99,
1076,GBP,-2.8,
1077,GBP,-0.2,
1078,GBP,-9.99,
1079,GBP,,10
1080,GBP,-12.12,
1081,GBP,,70
1082,GBP,-70,
1083,GBP,-0.9,
1084,GBP,,20
1085,GBP,-5.2,
1086,GBP,-11,
1087,GBP,,50
1088,GBP,,15
1089,GBP,-4.29,
1090,GBP,-0.25,
1091,GBP,-4.9,
1092,GBP,-16,
1093,GBP,-2.5,
1094,GBP,-8.4,
1095,GBP,-4.6,
1096,GBP,-3.99,
1097,GBP,-8.11,
1098,GBP,-4.65,
1099,GBP,,31
1100,GBP,-25,
1101,GBP,-2.58,
1102,GBP,-5.79,
1103,GBP,-10,
1104,GBP,,476.56
1105,GBP,-100,
1106,GBP,-150,
1107,GBP,-170,
1108,GBP,-30,
1109,GBP,-20,
1110,GBP,,20
1111,GBP,,30
1112,GBP,-30,
1113,GBP,-2.98,
1114,GBP,,60
1115,GBP,-60,
1116,GBP,,30
1117,GBP,-31,
1118,GBP,-10,
1119,GBP,,15
1120,GBP,-15,
1121,GBP,,15
1122,GBP,,5
1123,GBP,-10,
1124,GBP,-5.15,
1125,GBP,,30
1126,GBP,0,
1127,GBP,-32.96,
1128,GBP,,10
1129,GBP,-14,
1130,GBP,-10.46,
1131,GBP,,10
1132,GBP,,15
1133,GBP,-1.5,
1134,GBP,-15.98,
1135,GBP,,5
1136,GBP,,30
1137,GBP,-2,
1138,GBP,-7,
1139,GBP,-1.99,
1140,GBP,-5,
1141,GBP,-2.98,
1142,GBP,,100
1143,GBP,-50,
1144,GBP,-50,
1145,GBP,0,
1146,GBP,-14.98,
1147,GBP,,10
1148,GBP,-8.34,
1149,GBP,,100
1150,GBP,-100,
1151,GBP,-5.5,
1152,GBP,-2,
1153,GBP,,10
1154,GBP,-4,
1155,GBP,,10
1156,GBP,-10,
1157,GBP,-1,
1158,GBP,-6,
1159,GBP,,100
1160,GBP,-18.62,
1161,GBP,-6.85,
1162,GBP,-9.29,
1163,GBP,-16.25,
1164,GBP,-30,
1165,GBP,,20
1166,GBP,-20,
1167,GBP,,20
1168,GBP,,4.85
1169,GBP,-11.5,
1170,GBP,-4.58,
1171,GBP,-9,
1172,GBP,-14.01,
1173,GBP,,50
1174,GBP,-3.69,
1175,GBP,-1.6,
1176,GBP,-5.5,
1177,GBP,,120
1178,GBP,-120,
1179,GBP,,170
1180,GBP,-170,
1181,GBP,-3.69,
1182,GBP,,340
1183,GBP,-150,
1184,GBP,-150,
1185,GBP,,30
1186,GBP,-31,
1187,GBP,,100
1188,GBP,-35,
1189,GBP,-70,
1190,GBP,-7,
1191,GBP,-3.99,
1192,GBP,-12,
1193,GBP,-2.78,
1194,GBP,-1.55,
1195,GBP,-1.55,
1196,GBP,-7,
1197,GBP,,50
1198,GBP,-23,
1199,GBP,-0.8,
1200,GBP,-10,
1201,GBP,-10,
1202,GBP,-9.96,
1203,GBP,-31.99,
1204,GBP,,15
1205,GBP,-12,
1206,GBP,-4.65,
1207,GBP,,10
1208,GBP,,25
1209,GBP,-7.2,
1210,GBP,-17.68,
1211,GBP,0,
1212,GBP,0,
1213,GBP,,20
1214,GBP,-11.63,
1215,GBP,-3.98,
1216,GBP,-3.69,
1217,GBP,-2.29,
1218,GBP,-7.99,
1219,GBP,,80
1220,GBP,-80,
1221,GBP,-1.39,
1222,GBP,,10
1223,GBP,-2.48,
1224,GBP,-8,
1225,GBP,,10
1226,GBP,-4.99,
1227,GBP,,140
1228,GBP,-130,
1229,GBP,,35
1230,GBP,-35,
1231,GBP,-3.69,
1232,GBP,-13.05,
1233,GBP,,15
1234,GBP,-1.39,
1235,GBP,-1.99,
1236,GBP,,15
1237,GBP,0,
1238,GBP,-21.98,
1239,GBP,,33
1240,GBP,-33,
1241,GBP,-1.39,
1242,GBP,,50
1243,GBP,,20
1244,GBP,-60,
1245,GBP,,100
1246,GBP,-20.86,
1247,GBP,-6.5,
1248,GBP,-13.99,
1249,GBP,,30
1250,GBP,,17
1251,GBP,,100
1252,GBP,-100,
1253,GBP,-36.83,
1254,GBP,-41.46,
1255,GBP,-18.99,
1256,GBP,-9.99,
1257,GBP,,100
1258,GBP,-39.5,
1259,GBP,,30
1260,GBP,-5.23,
1261,GBP,-21.99,
1262,GBP,-2,
1263,GBP,-1,
1264,GBP,,33.8
1265,GBP,-33.8,
1266,GBP,-22.35,
1267,GBP,-1.95,
1268,GBP,-8,
1269,GBP,-5.9,
1270,GBP,-11,
1271,GBP,-10,
1272,GBP,-2.49,
1273,GBP,,348
1274,GBP,-170,
1275,GBP,-150,
1276,GBP,-21.1,
1277,GBP,-10,
1278,GBP,,10
1279,GBP,-12.59,
1280,GBP,,30
1281,GBP,-20,
1282,GBP,-13,
1283,GBP,,60
1284,GBP,0,
1285,GBP,-55.9,
1286,GBP,,10
1287,GBP,-6.98,
1288,GBP,,50
1289,GBP,0,
1290,GBP,-46.95,
1291,GBP,,15
1292,GBP,-15.3,
1293,GBP,-2.49,
1294,GBP,,15
1295,GBP,-8.99,
1296,GBP,,300
1297,GBP,,50
1298,GBP,-130,
1299,GBP,-5,
1300,GBP,-8.2,
1301,GBP,-70,
1302,GBP,-100,
1303,GBP,-30,
1304,GBP,-3.98,
1305,GBP,-1.49,
1306,GBP,,100
1307,GBP,,10
1308,GBP,-16.89,
1309,GBP,-4.19,
1310,GBP,-75,
1311,GBP,-25,
1312,GBP,,20
1313,GBP,-16.82,
1314,GBP,-3.83,
1315,GBP,,10
1316,GBP,-4.58,
1317,GBP,-3.83,
1318,GBP,,10
1319,GBP,-4.18,
1320,GBP,-1.5,
1321,GBP,-10.39,
1322,GBP,,40
1323,GBP,-10,
1324,GBP,-5.57,
1325,GBP,,10
1326,GBP,-30,
1327,GBP,,10
1328,GBP,-10,
1329,GBP,,25
1330,GBP,,170
1331,GBP,-170,
1332,GBP,-9.98,
1333,GBP,-12.81,
1334,GBP,-4.4,
1335,GBP,,30
1336,GBP,-4.85,
1337,GBP,-13.34,
1338,GBP,,370
1339,GBP,-150,
1340,GBP,-150,
1341,GBP,-50,
1342,GBP,-15,
1343,GBP,-9.5,
1344,GBP,,10
1345,GBP,-15.5,
1346,GBP,,9.5
1347,GBP,-0.5,
1348,GBP,-7.5,
1349,GBP,,40
1350,GBP,-30,
1351,GBP,,10
1352,GBP,-15,
1353,GBP,,15
1354,GBP,-5.5,
1355,GBP,-5.5,
1356,GBP,-7,
1357,GBP,,5.5
1358,GBP,-8.5,
1359,GBP,,7
1360,GBP,-1.65,
1361,GBP,,20
1362,GBP,-20,
1363,GBP,,30
1364,GBP,,10
1365,GBP,-16.14,
1366,GBP,-31.99,
1367,GBP,-3.5,
1368,GBP,,10
1369,GBP,-7.99,
1370,GBP,,25
1371,GBP,0,
1372,GBP,0,
1373,GBP,0,
1374,GBP,-22.65,
1375,GBP,-2.18,
1376,GBP,,40
1377,GBP,-32,
1378,GBP,,5
1379,GBP,,10
1380,GBP,0,
1381,GBP,0,
1382,GBP,0,
1383,GBP,-15.49,
1384,GBP,,15
1385,GBP,-6,
1386,GBP,-2.29,
1387,GBP,-9.05,
1388,GBP,-3.99,
1389,GBP,,5
1390,GBP,-1.99,
1391,GBP,-2.18,
1392,GBP,-1.99,
1393,GBP,,82
1394,GBP,-82,
1395,GBP,,10
1396,GBP,-5.16,
1397,GBP,-0.5,
1398,GBP,-4.38,
1399,GBP,,15
1400,GBP,-16.53,
1401,GBP,,7
1402,GBP,-3.69,
1403,GBP,,25
1404,GBP,-13.99,
1405,GBP,,3.2
1406,GBP,,250
1407,GBP,-180,
1408,GBP,-9.99,
1409,GBP,,50
1410,GBP,-50,
1411,GBP,-5.8,
1412,GBP,-4.45,
1413,GBP,0,
1414,GBP,-16,
1415,GBP,-2.9,
1416,GBP,-8.99,
1417,GBP,-3.69,
1418,GBP,-8.44,
1419,GBP,-1.49,
1420,GBP,-3.98,
1421,GBP,-5.59,
1422,GBP,,20
1423,GBP,0,
1424,GBP,-29.97,
1425,GBP,-2,
1426,GBP,-2.49,
1427,GBP,-0.51,
1428,GBP,,20
1429,GBP,-1.49,
1430,GBP,-0.51,
1431,GBP,-3,
1432,GBP,-2.29,
1433,GBP,-0.71,
1434,GBP,,370
1435,GBP,-150,
1436,GBP,-180,
1437,GBP,,10
1438,GBP,-10,
1439,GBP,-10,
1440,GBP,,10
1441,GBP,-10.5,
1442,GBP,-0.5,
1443,GBP,-5.58,
1444,GBP,-0.42,
1445,GBP,-1.65,
1446,GBP,-0.35,
1447,GBP,-8.54,
1448,GBP,-0.46,
1449,GBP,-20,
1450,GBP,-1.5,
1451,GBP,,50
1452,GBP,-23,
1453,GBP,-2.18,
1454,GBP,-0.82,
1455,GBP,-1.65,
1456,GBP,-8.98,
1457,GBP,-0.02,
1458,GBP,-0.35,
1459,GBP,-1.65,
1460,GBP,-8.99,
1461,GBP,-0.01,
1462,GBP,,50
1463,GBP,-10.58,
1464,GBP,-0.42,
1465,GBP,-1,
1466,GBP,,50
1467,GBP,-52,
1468,GBP,-17.04,
1469,GBP,-0.96,
1470,GBP,-12.12,
1471,GBP,-0.88,
1472,GBP,-2.08,
1473,GBP,-0.92,
1474,GBP,,10
1475,GBP,-7.47,
1476,GBP,-0.53,
1477,GBP,,10
1478,GBP,-8.86,
1479,GBP,-0.14,
1480,GBP,-1.65,
1481,GBP,-0.35,
1482,GBP,,15
1483,GBP,-22.36,
1484,GBP,-0.64,
1485,GBP,,15
1486,GBP,,20
1487,GBP,-3.3,
1488,GBP,-0.7,
1489,GBP,-10.98,
1490,GBP,-0.02,
1491,GBP,,40
1492,GBP,-33.65,
1493,GBP,-0.35,
1494,GBP,-2.29,
1495,GBP,-0.71,
1496,GBP,-4.18,
1497,GBP,-0.82,
1498,GBP,-3.3,
1499,GBP,-0.7,
1500,GBP,-7.47,
1501,GBP,-0.53,
1502,GBP,-2.48,
1503,GBP,-0.52,
1504,GBP,,20
1505,GBP,-1.69,
1506,GBP,-0.31,
1507,GBP,-9,
1508,GBP,-2.48,
1509,GBP,-0.52,
1510,GBP,-4.18,
1511,GBP,-0.82,
1512,GBP,-3.3,
1513,GBP,-0.7,
1514,GBP,,15
1515,GBP,-7.47,
1516,GBP,-0.53,
1517,GBP,,52.44
1518,GBP,-9.5,
1519,GBP,-0.5,
1520,GBP,-4.15,
1521,GBP,-0.85,
1522,GBP,-4.25,
1523,GBP,-0.75,
1524,GBP,-6,
1525,GBP,-31,
1526,GBP,,15
1527,GBP,-6.5,
1528,GBP,-0.5,
1529,GBP,0,
1530,GBP,,50
1531,GBP,0,
1532,GBP,-12.14,
1533,GBP,-0.86,
1534,GBP,-3.8,
1535,GBP,-0.2,
1536,GBP,-5,
1537,GBP,-5,
1538,GBP,-11.5,
1539,GBP,-0.5,
1540,GBP,-6.3,
1541,GBP,-0.7,
1542,GBP,,29.09
1543,GBP,-17.35,
1544,GBP,-9.48,
1545,GBP,-10,
1546,GBP,,50
1547,GBP,-1.49,
1548,GBP,-2.18,
1549,GBP,-2.29,
1550,GBP,-18.48,
1551,GBP,,60
1552,GBP,-60,
1553,GBP,-1.65,
1554,GBP,-2.9,
1555,GBP,-5.25,
1556,GBP,-1.39,
1557,GBP,-8.2,
1558,GBP,-11.16,
1559,GBP,-0.7,
1560,GBP,-1.65,
1561,GBP,,20
1562,GBP,,200
1563,GBP,0,
1564,GBP,0,
1565,GBP,-159,
1566,GBP,-46.33,
1567,GBP,,30
1568,GBP,0,
1569,GBP,-32.97,
1570,GBP,-4.55,
1571,GBP,,450
1572,GBP,-35,
1573,GBP,-180,
1574,GBP,-220,
1575,GBP,-3.69,
1576,GBP,,50
1577,GBP,-51.99,
1578,GBP,,170
1579,GBP,-170,
1580,GBP,,20
1581,GBP,-25,
1582,GBP,-2,
1583,GBP,,20
1584,GBP,-4.88,
1585,GBP,-1.49,
1586,GBP,-4.55,
1587,GBP,,10
1588,GBP,-23.19,
1589,GBP,,20
1590,GBP,-25.02,
1591,GBP,,20
1592,GBP,,20
1593,GBP,-20.65,
1594,GBP,-3.3,
1595,GBP,,100
1596,GBP,-30,
1597,GBP,-4.5,
1598,GBP,,20
1599,GBP,-75,
1600,GBP,-8.98,
1601,GBP,0,
1602,GBP,0,
1603,GBP,,120
1604,GBP,0,
1605,GBP,-80,
1606,GBP,-25,
1607,GBP,-12.57,
1608,GBP,-14.3,
1609,GBP,-0.5,
1610,GBP,-1.45,
1611,GBP,,10
1612,GBP,-1,
1613,GBP,,1
1614,GBP,,80
1615,GBP,0,
1616,GBP,-39.9,
1617,GBP,-24.97,
1618,GBP,-3.5,
1619,GBP,-6.13,
1620,GBP,-4.4,
1621,GBP,-7.99,
1622,GBP,-1.49,
1623,GBP,,65
1624,GBP,-50,
1625,GBP,-15.99,
1626,GBP,,20
1627,GBP,-16.98,
1628,GBP,-5.68,
1629,GBP,,15
1630,GBP,-15.75,
1631,GBP,,15
1632,GBP,-5.68,
1633,GBP,,10
1634,GBP,,10
1635,GBP,,10
1636,GBP,-34.24,
1637,GBP,,15
1638,GBP,-15,
1639,GBP,,70
1640,GBP,-50,
1641,GBP,-10.5,
1642,GBP,-4,
1643,GBP,-3,
1644,GBP,,10
1645,GBP,-12.88,
1646,GBP,,11
1647,GBP,-16.74,
1648,GBP,,25
1649,GBP,-9.86,
1650,GBP,,33.8
1651,GBP,-33.8,
1652,GBP,,4
1653,GBP,,1.2
1654,GBP,-5.68,
1655,GBP,,50
1656,GBP,-10.99,
1657,GBP,-12.98,
1658,GBP,-13.99,
1659,GBP,,50
1660,GBP,0,
1661,GBP,0,
1662,GBP,-37.48,
1663,GBP,0,
1664,GBP,-5.68,
1665,GBP,-9.99,
1666,GBP,-17.48,
1667,GBP,,20
1668,GBP,-13.77,
1669,GBP,,550
1670,GBP,-150,
1671,GBP,-200,
1672,GBP,,30
1673,GBP,-105,
1674,GBP,-5.68,
1675,GBP,-25.6,
1676,GBP,-9.99,
1677,GBP,,20
1678,GBP,-105,
1679,GBP,,50
1680,GBP,-50,
1681,GBP,,30
1682,GBP,-13,
1683,GBP,-1.2,
1684,GBP,-3.19,
1685,GBP,-5.68,
1686,GBP,-2.9,
1687,GBP,-11.17,
1688,GBP,-2.49,
1689,GBP,,15
1690,GBP,-6.89,
1691,GBP,,35
1692,GBP,-35,
1693,GBP,,47
1694,GBP,-46.33,
1695,GBP,,15
1696,GBP,-4.84,
1697,GBP,-6,
1698,GBP,-3.79,
1699,GBP,-10,
1700,GBP,,100
1701,GBP,-101.99,
1702,GBP,-2.35,
1703,GBP,,20
1704,GBP,,10
1705,GBP,-22,
1706,GBP,-2.9,
1707,GBP,,20
1708,GBP,-11.99,
1709,GBP,,73.65
1710,GBP,-73.65,
1711,GBP,,29
1712,GBP,-29,
1713,GBP,,9
1714,GBP,-18.72,
1715,GBP,,20
1716,GBP,-1.5,
1717,GBP,-0.5,
1718,GBP,,10
1719,GBP,0,
1720,GBP,-26.97,
1721,GBP,,15
1722,GBP,-9.02,
1723,GBP,,5
1724,GBP,-8.2,
1725,GBP,,70
1726,GBP,-20,
1727,GBP,-40,
1728,GBP,-9.38,
1729,GBP,,10
1730,GBP,,10
1731,GBP,0,
1732,GBP,-20.98,
1733,GBP,,10
1734,GBP,-7,
1735,GBP,,10
1736,GBP,,539.44
1737,GBP,-330,
1738,GBP,-200,
1739,GBP,-10,
1740,GBP,-2.39,
1741,GBP,-1.78,
1742,GBP,,10
1743,GBP,,20
1744,GBP,-20,
1745,GBP,-15.28,
1746,GBP,,50
1747,GBP,-40,
1748,GBP,-2.99,
1749,GBP,-2.5,
1750,GBP,-8.18,
1751,GBP,,330
1752,GBP,-330,
1753,GBP,,50
1754,GBP,-46.33,
1755,GBP,,20
1756,GBP,-28.79,
1757,GBP,,10
1758,GBP,,20
1759,GBP,0,
1760,GBP,-22.16,
1761,GBP,,50
1762,GBP,-33.97,
1763,GBP,0,
1764,GBP,-3.08,
1765,GBP,-5.38,
1766,GBP,-1.2,
1767,GBP,,10
1768,GBP,-16.84,
1769,GBP,-0.65,
1770,GBP,-1.65,
1771,GBP,,10
1772,GBP,-1.1,
1773,GBP,-5.25,
1774,GBP,-2.09,
1775,GBP,,75
1776,GBP,-50,
1777,GBP,-13.83,
1778,GBP,-2.09,
1779,GBP,-7.99,
1780,GBP,,25
1781,GBP,,10
1782,GBP,-33,
1783,GBP,,5
1784,GBP,-5.9,
1785,GBP,-1.53,
1786,GBP,-6.5,
1787,GBP,,15
1788,GBP,,10
1789,GBP,-13.83,
1790,GBP,,5
1791,GBP,-11,
1792,GBP,,5
1793,GBP,,70
1794,GBP,-0.1,
1795,GBP,-28.71,
1796,GBP,-25.45,
1797,GBP,-9,
1798,GBP,,30
1799,GBP,-11.47,
1800,GBP,-10,
1801,GBP,-8.18,
1802,GBP,-4.19,
1803,GBP,-6,
1804,GBP,,20
1805,GBP,-17.74,
1806,GBP,-5.8,
1807,GBP,-3.79,
1808,GBP,-3.34,
1809,GBP,,500
1810,GBP,-160,
1811,GBP,-310,
1812,GBP,,25
1813,GBP,-35,
1814,GBP,,47
1815,GBP,-46.34,
1816,GBP,,7
1817,GBP,-13,
1818,GBP,,20
1819,GBP,-20,
1820,GBP,,20
1821,GBP,-20,
1822,GBP,,20
1823,GBP,-15.99,
1824,GBP,-9.99,
1825,GBP,-6.5,
1826,GBP,,45
1827,GBP,-2.81,
1828,GBP,-13,
1829,GBP,-12,
1830,GBP,-4.55,
1831,GBP,-3.79,
1832,GBP,,10
1833,GBP,,50
1834,GBP,-51.99,
1835,GBP,,10
1836,GBP,-15.99,
1837,GBP,,10
1838,GBP,,10
1839,GBP,-18.73,
1840,GBP,,10
1841,GBP,,20
1842,GBP,-11.5,
1843,GBP,-4.55,
1844,GBP,-9.67,
1845,GBP,,10
1846,GBP,,20
1847,GBP,-20,
1848,GBP,,50
1849,GBP,,0.1
1850,GBP,-13.28,
1851,GBP,-7.8,
1852,GBP,-13.29,
1853,GBP,0,
1854,GBP,-35.96,
1855,GBP,,18
1856,GBP,-2.49,
1857,GBP,-2.13,
1858,GBP,-1.09,
1859,GBP,-6.8,
1860,GBP,,4
1861,GBP,-4.87,
1862,GBP,,101.39
1863,GBP,-101.39,
1864,GBP,,30
1865,GBP,-10.2,
1866,GBP,-2.11,
1867,GBP,-3.01,
1868,GBP,-2.13,
1869,GBP,-7.58,
1870,GBP,-2.29,
1871,GBP,-7.6,
1872,GBP,,50
1873,GBP,-30,
1874,GBP,0,
1875,GBP,,10
1876,GBP,-30,
1877,GBP,0,
1878,GBP,,10
1879,GBP,,30
1880,GBP,0,
1881,GBP,-33.97,
1882,GBP,,40
1883,GBP,-21.99,
1884,GBP,-16.9,
1885,GBP,-5.92,
1886,GBP,,20
1887,GBP,-12.82,
1888,GBP,,30
1889,GBP,-16.68,
1890,GBP,-6,
1891,GBP,-0.99,
1892,GBP,-2.78,
1893,GBP,-12.01,
1894,GBP,-1.6,
1895,GBP,,4
1896,GBP,-3.79,
1897,GBP,,600
1898,GBP,-304,
1899,GBP,-200,
1900,GBP,-46.33,
1901,GBP,-13.87,
1902,GBP,-6.8,
1903,GBP,,50
1904,GBP,-11,
1905,GBP,-45,
1906,GBP,-11,
1907,GBP,,20
1908,GBP,0,
1909,GBP,-29.47,
1910,GBP,,10
1911,GBP,-10,
1912,GBP,,15
1913,GBP,-6.8,
1914,GBP,,50
1915,GBP,-51.99,
1916,GBP,-4.99,
1917,GBP,,300
1918,GBP,-300,
1919,GBP,,15
1920,GBP,-14.85,
1921,GBP,,10
1922,GBP,-8.37,
1923,GBP,-1.6,
1924,GBP,-2.11,
1925,GBP,,10
1926,GBP,-8.18,
1927,GBP,,50
1928,GBP,-50,
1929,GBP,-3.4,
1930,GBP,,10
1931,GBP,-3.79,
1932,GBP,,10
1933,GBP,-1.6,
1934,GBP,-3.2,
1935,GBP,-3.79,
1936,GBP,-1.79,
1937,GBP,-4.58,
1938,GBP,-1.1,
1939,GBP,,10
1940,GBP,-4.99,
1941,GBP,,30
1942,GBP,-21,
1943,GBP,-3.25,
1944,GBP,,10
1945,GBP,-12.22,
1946,GBP,,10
1947,GBP,-13.83,
1948,GBP,,10
1949,GBP,-9.38,
1950,GBP,,10
1951,GBP,-2.08,
1952,GBP,-3.79,
1953,GBP,,5
1954,GBP,-12.14,
1955,GBP,,25
1956,GBP,0,
1957,GBP,0,
1958,GBP,-10.16,
1959,GBP,-7.99,
1960,GBP,-3.79,
1961,GBP,,400
1962,GBP,-200,
1963,GBP,-170,
1964,GBP,-5,
1965,GBP,,70
1966,GBP,-70,
1967,GBP,,200
1968,GBP,-200,
1969,GBP,-15,
1970,GBP,,80
1971,GBP,-76,
1972,GBP,,20
1973,GBP,0,
1974,GBP,-31.96,
1975,GBP,,5
1976,GBP,,5
1977,GBP,-5,
1978,GBP,,50
1979,GBP,-51.99,
1980,GBP,,20
1981,GBP,-15.99,
1982,GBP,,35
1983,GBP,-38.29,
1984,GBP,,15
1985,GBP,-15.97,
1986,GBP,,5
1987,GBP,,54
1988,GBP,-54,
1989,GBP,,35
1990,GBP,-35,
1991,GBP,,5
1992,GBP,-20,
1993,GBP,,30
1994,GBP,,10
1995,GBP,-20,
1996,GBP,-11.98,
1997,GBP,-5.99,
1998,GBP,,50
1999,GBP,-5,
2000,GBP,-17.3,
2001,GBP,-27,
2002,GBP,,15.97
2003,GBP,,10
2004,GBP,-21,
2005,GBP,0,
2006,GBP,,27
2007,GBP,-15.99,
2008,GBP,,10
2009,GBP,-11.22,
2010,GBP,-9.99,
2011,GBP,-3.79,
2012,GBP,-2.49,
2013,GBP,,10
2014,GBP,-4.29,
2015,GBP,,50
2016,GBP,0,
2017,GBP,-55.9,
2018,GBP,,10
2019,GBP,,5
2020,GBP,,30
2021,GBP,-21,
2022,GBP,-1.99,
2023,GBP,-7.4,
2024,GBP,,5
2025,GBP,,20
2026,GBP,-7,
2027,GBP,-6.7,
2028,GBP,,50
2029,GBP,-50,
2030,GBP,-10,
2031,GBP,,25
2032,GBP,-11,
2033,GBP,-3.07,
2034,GBP,-2.11,
2035,GBP,-1.29,
2036,GBP,-3.79,
2037,GBP,-21.2,
2038,GBP,,50
2039,GBP,-9.87,
2040,GBP,-15.03,
2041,GBP,-19.8,
2042,GBP,,10
2043,GBP,-10,
2044,GBP,-1.98,
2045,GBP,,10
2046,GBP,-13.83,
2047,GBP,,650
2048,GBP,,0.96
2049,GBP,-300,
2050,GBP,-60,
2051,GBP,-46.34,
2052,GBP,-50,
2053,GBP,-180,
2054,GBP,,30
2055,GBP,-31,
2056,GBP,-3.79,
2057,GBP,-1.1,
2058,GBP,,20
2059,GBP,-10.5,
2060,GBP,-9.8,
2061,GBP,,30
2062,GBP,-24.4,
2063,GBP,,30
2064,GBP,-24.3,
2065,GBP,,24.4
2066,GBP,-26.6,
2067,GBP,,24.3
2068,GBP,,26.6
2069,GBP,-30,
2070,GBP,-30,
2071,GBP,,50
2072,GBP,-29.95,
2073,GBP,-20,
2074,GBP,,35
2075,GBP,-21,
2076,GBP,,150
2077,GBP,-162.33,
2078,GBP,,50
2079,GBP,-50,
2080,GBP,,162.33
2081,GBP,-150,
2082,GBP,-10,
2083,GBP,-4.49,
2084,GBP,,10
2085,GBP,-13.78,
2086,GBP,,10
2087,GBP,-5.98,
2088,GBP,,5
2089,GBP,-9.8,
2090,GBP,,15
2091,GBP,,10
2092,GBP,-23.46,
2093,GBP,-0.9,
2094,GBP,-2.11,
2095,GBP,-1.29,
2096,GBP,,10
2097,GBP,-3.79,
2098,GBP,,30
2099,GBP,-30,
2100,GBP,,30
2101,GBP,-38,
2102,GBP,,20
2103,GBP,-3.63,
2104,GBP,-10,
2105,GBP,-0.9,
2106,GBP,-3.4,
2107,GBP,,5
2108,GBP,-1.99,
2109,GBP,,10
2110,GBP,-7.5,
2111,GBP,,53
2112,GBP,-23,
2113,GBP,-1.1,
2114,GBP,-2.79,
2115,GBP,-16.68,
2116,GBP,,50
2117,GBP,-31,
2118,GBP,-20,
2119,GBP,,250
2120,GBP,-250,
2121,GBP,,300
2122,GBP,-300,
2123,GBP,-5.5,
2124,GBP,-1.65,
2125,GBP,-1.79,
2126,GBP,,10
2127,GBP,-0.99,
2128,GBP,-1.99,
2129,GBP,-3.94,
2130,GBP,,10
2131,GBP,,8
2132,GBP,-14.7,
2133,GBP,-9.8,
2134,GBP,,40
2135,GBP,0,
2136,GBP,-29.97,
2137,GBP,-5.99,
2138,GBP,-1.99,
2139,GBP,-1.7,
2140,GBP,,5.5
2141,GBP,0,
2142,GBP,0,
2143,GBP,,587
2144,GBP,-100,
2145,GBP,-100,
2146,GBP,,30
2147,GBP,-400,
2148,GBP,,50
2149,GBP,-20,
2150,GBP,-38.3,
2151,GBP,,20
2152,GBP,-17.3,
2153,GBP,,10
2154,GBP,,185.01
2155,GBP,-185.01,
2156,GBP,,185.01
2157,GBP,-185,
2158,GBP,-3.42,
2159,GBP,,200
2160,GBP,-200,
2161,GBP,-6.5,
2162,GBP,-7.99,
2163,GBP,,150
2164,GBP,-75,
2165,GBP,-75,
2166,GBP,,15
2167,GBP,-14.58,
2168,GBP,,200
2169,GBP,-185.66,
2170,GBP,,185.66
2171,GBP,-11.99,
2172,GBP,,20
2173,GBP,-200,
2174,GBP,,10
2175,GBP,-21.47,
2176,GBP,,200
2177,GBP,-185.86,
2178,GBP,,185.86
2179,GBP,-200,
2180,GBP,-9.8,
2181,GBP,-3.99,
2182,GBP,,15
2183,GBP,-8.9,
2184,GBP,,10
2185,GBP,,30
2186,GBP,-30,
2187,GBP,-1.1,
2188,GBP,-11.8,
2189,GBP,,20
2190,GBP,,200
2191,GBP,-200,
2192,GBP,-4.55,
2193,GBP,,14
2194,GBP,,30
2195,GBP,-35,
2196,GBP,,10
2197,GBP,0,
2198,GBP,0,
2199,GBP,-21.15,
2200,GBP,,10
2201,GBP,-15.43,
2202,GBP,,7.38
2203,GBP,-7.38,
2204,GBP,-1.1,
2205,GBP,-3.28,
2206,GBP,,10
2207,GBP,-1.99,
2208,GBP,,26
2209,GBP,-7.99,
2210,GBP,-15.99,
2211,GBP,,5
2212,GBP,-1.1,
2213,GBP,-3.28,
2214,GBP,,1.5
2215,GBP,-1.99,
2216,GBP,-9.99,
2217,GBP,,10
2218,GBP,-3.39,
2219,GBP,-7.6,
2220,GBP,,10
2221,GBP,-2.29,
2222,GBP,,54.78
2223,GBP,0,
2224,GBP,-37.93,
2225,GBP,-10,
2226,GBP,-1.1,
2227,GBP,-3.28,
2228,GBP,,40
2229,GBP,-1.99,
2230,GBP,-3.1,
2231,GBP,0,
2232,GBP,-44.49,
2233,GBP,,10
2234,GBP,-7,
2235,GBP,-2,
2236,GBP,,15
2237,GBP,-2.1,
2238,GBP,-7,
2239,GBP,,10
2240,GBP,-2.49,
2241,GBP,-10.6,
2242,GBP,,10
2243,GBP,-9.76,
2244,GBP,,60
2245,GBP,,15
2246,GBP,,20
2247,GBP,0,
2248,GBP,0,
2249,GBP,-32.93,
2250,GBP,,0.12
2251,GBP,-21.99,
2252,GBP,-24,
2253,GBP,-6,
2254,GBP,-0.99,
2255,GBP,,30
2256,GBP,0,
2257,GBP,-26.97,
2258,GBP,-9.59,
2259,GBP,-1.1,
2260,GBP,-1.99,
2261,GBP,-1.99,
2262,GBP,-2.1,
2263,GBP,,10
2264,GBP,-1.1,
2265,GBP,-3,
2266,GBP,-2.11,
2267,GBP,-1.99,
2268,GBP,,20
2269,GBP,0,
2270,GBP,-16.97,
2271,GBP,-1.1,
2272,GBP,-2.11,
2273,GBP,-1.99,
2274,GBP,-2.9,
2275,GBP,,7
2276,GBP,,8
2277,GBP,,630
2278,GBP,-300,
2279,GBP,-200,
2280,GBP,-135,
2281,GBP,,56
2282,GBP,-38.3,
2283,GBP,-17.3,
2284,GBP,,70
2285,GBP,-70,
2286,GBP,-2.9,
2287,GBP,-3.89,
2288,GBP,,30
2289,GBP,0,
2290,GBP,-26.5,
2291,GBP,,50
2292,GBP,,9
2293,GBP,,120
2294,GBP,-176.65,
2295,GBP,,20
2296,GBP,0,
2297,GBP,-26.37,
2298,GBP,,10
2299,GBP,-3.18,
2300,GBP,,56
2301,GBP,,10
2302,GBP,,15
2303,GBP,-74.98,
2304,GBP,,11
2305,GBP,0,
2306,GBP,-11.99,
2307,GBP,,10
2308,GBP,-20,
2309,GBP,,15
2310,GBP,-17.31,
2311,GBP,,300
2312,GBP,-300,
2313,GBP,,10
2314,GBP,,10
2315,GBP,-10.3,
2316,GBP,-1.6,
2317,GBP,-2.13,
2318,GBP,-1.1,
2319,GBP,,20
2320,GBP,-18,
2321,GBP,-2.11,
2322,GBP,,20
2323,GBP,-21,
2324,GBP,-3.99,
2325,GBP,,15
2326,GBP,-10,
2327,GBP,,10
2328,GBP,-10.2,
2329,GBP,-1,
2330,GBP,-2.13,
2331,GBP,-1.35,
2332,GBP,-1.79,
2333,GBP,,4.5
2334,GBP,-6,
2335,GBP,-6,
2336,GBP,,50
2337,GBP,,530
2338,GBP,-100,
2339,GBP,-176.66,
2340,GBP,-200,
2341,GBP,-50,
2342,GBP,-2.19,
2343,GBP,-11,
2344,GBP,-11,
2345,GBP,-15,
2346,GBP,-2.11,
2347,GBP,-7.02,
2348,GBP,,15
2349,GBP,-5.99,
2350,GBP,,30
2351,GBP,-20.5,
2352,GBP,,50
2353,GBP,-36,
2354,GBP,-2.81,
2355,GBP,-6.5,
2356,GBP,-7.99,
2357,GBP,-6.85,
2358,GBP,,5
2359,GBP,-6.28,
2360,GBP,,10
2361,GBP,,15
2362,GBP,-17,
2363,GBP,-4.55,
2364,GBP,,20
2365,GBP,-15.99,
2366,GBP,,10
2367,GBP,,5
2368,GBP,,10
2369,GBP,-23,
2370,GBP,,20
2371,GBP,-9.99,
2372,GBP,-5.5,
2373,GBP,-13.21,
2374,GBP,,10
2375,GBP,-10.7,
2376,GBP,0,
2377,GBP,0,
2378,GBP,0,
2379,GBP,0,
2380,GBP,,10
2381,GBP,,10
2382,GBP,-16.71,
2383,GBP,,15
2384,GBP,-1.99,
2385,GBP,-8.8,
2386,GBP,-0.99,
2387,GBP,,30
2388,GBP,-10,
2389,GBP,-2.38,
2390,GBP,-3.5,
2391,GBP,,30
2392,GBP,-20,
2393,GBP,-2.38,
2394,GBP,-8,
2395,GBP,,100
2396,GBP,-100,
2397,GBP,-22.07,
2398,GBP,,20
2399,GBP,-7.99,
2400,GBP,,100
2401,GBP,,290
2402,GBP,-390,
2403,GBP,,20
2404,GBP,,20
2405,GBP,-15.99,
2406,GBP,-2.38,
2407,GBP,-9.99,
2408,GBP,-10,
2409,GBP,,1
2410,GBP,,197.98
2411,GBP,-168,
2412,GBP,-6.98,
2413,GBP,-9.9,
2414,GBP,-4.68,
2415,GBP,-11.18,
2416,GBP,-12,
2417,GBP,,50
2418,GBP,-11.75,
2419,GBP,-40.99,
2420,GBP,,158.81
2421,GBP,-138,
2422,GBP,,10
2423,GBP,-10.15,
2424,GBP,-0.18,
2425,GBP,-2.59,
2426,GBP,,20
2427,GBP,0,
2428,GBP,-20.47,
2429,GBP,-2.49,
2430,GBP,-1.59,
2431,GBP,-1.25,
2432,GBP,-4.99,
2433,GBP,-2.28,
2434,GBP,,10
2435,GBP,-4.8,
2436,GBP,,800
2437,GBP,-400,
2438,GBP,-100,
2439,GBP,-250,
2440,GBP,,50
2441,GBP,-50,
2442,GBP,,50
2443,GBP,-50,
2444,GBP,-2.58,
2445,GBP,,300
2446,GBP,-300,
2447,GBP,,50
2448,GBP,-79.66,
2449,GBP,,30
2450,GBP,-44,
2451,GBP,,100
2452,GBP,-100,
2453,GBP,,70
2454,GBP,-50,
2455,GBP,0,
2456,GBP,0,
2457,GBP,-20.97,
2458,GBP,,79.66
2459,GBP,-70,
2460,GBP,-18,
2461,GBP,,20
2462,GBP,-1.1,
2463,GBP,-2,
2464,GBP,-9.72,
2465,GBP,,20
2466,GBP,-15.09,
2467,GBP,-16.56,
2468,GBP,,162.48
2469,GBP,-139,
2470,GBP,-3,
2471,GBP,,0.55
2472,GBP,-7.26,
2473,GBP,0,
2474,GBP,,20
2475,GBP,-14.99,
2476,GBP,-0.9,
2477,GBP,-9.7,
2478,GBP,,9.7
2479,GBP,-9.6,
2480,GBP,,20
2481,GBP,-12.1,
2482,GBP,,9.6
2483,GBP,-10,
2484,GBP,-10,
2485,GBP,-1,
2486,GBP,,5
2487,GBP,0,
2488,GBP,,10
2489,GBP,-10.94,
2490,GBP,,10
2491,GBP,-11.4,
2492,GBP,,20
2493,GBP,-15.77,
2494,GBP,-1.1,
2495,GBP,,20
2496,GBP,-9.8,
2497,GBP,-20,
2498,GBP,,10
2499,GBP,-1.69,
2500,GBP,-2.38,
2501,GBP,,20
2502,GBP,-4.8,
2503,GBP,,100
2504,GBP,-90,
2505,GBP,-20,
2506,GBP,,77
2507,GBP,,10
2508,GBP,-90,
2509,GBP,,24.57
2510,GBP,-24.57,
2511,GBP,,10
2512,GBP,-4.9,
2513,GBP,,163.81
2514,GBP,-148.81,
2515,GBP,-15,
2516,GBP,,5
2517,GBP,-1.99,
2518,GBP,-11.85,
2519,GBP,-2.39,
2520,GBP,,10
2521,GBP,-4.3,
2522,GBP,,20
2523,GBP,-18.29,
2524,GBP,,5
2525,GBP,-12.8,
2526,GBP,,5
2527,GBP,-1.1,
2528,GBP,-4.99,
2529,GBP,,10
2530,GBP,-3.99,
2531,GBP,,203.77
2532,GBP,,10
2533,GBP,-17,
2534,GBP,-0.3,
2535,GBP,-178,
2536,GBP,-20,
2537,GBP,-0.9,
2538,GBP,,20
2539,GBP,-16.68,
2540,GBP,,15
2541,GBP,-13.1,
2542,GBP,,5
2543,GBP,-13.8,
2544,GBP,,13.1
2545,GBP,-5,
2546,GBP,,13.8
2547,GBP,-18.8,
2548,GBP,,15
2549,GBP,-4.5,
2550,GBP,,5
2551,GBP,,1
2552,GBP,-1,
2553,GBP,,0.3
2554,GBP,-2,
2555,GBP,-2.45,
2556,GBP,,745
2557,GBP,,300
2558,GBP,-290,
2559,GBP,-300,
2560,GBP,-50,
2561,GBP,-250,
2562,GBP,-100,
2563,GBP,-55,
2564,GBP,-1.79,
2565,GBP,-4.76,
2566,GBP,,300
2567,GBP,-300,
2568,GBP,-3.88,
2569,GBP,,50
2570,GBP,-17.5,
2571,GBP,-18,
2572,GBP,,50
2573,GBP,-50,
2574,GBP,,7
2575,GBP,,50
2576,GBP,-26,
2577,GBP,,180
2578,GBP,-176.66,
2579,GBP,,65
2580,GBP,-64.66,
2581,GBP,,35
2582,GBP,-33.32,
2583,GBP,,10
2584,GBP,-30,
2585,GBP,-20,
2586,GBP,,30
2587,GBP,0,
2588,GBP,-16.97,
2589,GBP,-2.49,
2590,GBP,-2.38,
2591,GBP,0,
2592,GBP,0,
2593,GBP,-16.97,
2594,GBP,,15
2595,GBP,-13.34,
2596,GBP,,30
2597,GBP,-7.7,
2598,GBP,-28.39,
2599,GBP,,50
2600,GBP,-4.99,
2601,GBP,-6.97,
2602,GBP,-15,
2603,GBP,-10.75,
2604,GBP,,20
2605,GBP,0,
2606,GBP,-17.97,
2607,GBP,-15,
2608,GBP,,15
2609,GBP,-2.39,
2610,GBP,-5,
2611,GBP,-7.99,
2612,GBP,,7.99
2613,GBP,-2.79,
2614,GBP,-2.38,
2615,GBP,,5
2616,GBP,,15
2617,GBP,-16.51,
2618,GBP,-1.19,
2619,GBP,,25
2620,GBP,-18,
2621,GBP,-2.38,
2622,GBP,-0.99,
2623,GBP,-2.79,
2624,GBP,,20
2625,GBP,-20.41,
2626,GBP,,10
2627,GBP,-3.97,
2628,GBP,-3.78,
2629,GBP,,10
2630,GBP,-13.47,
2631,GBP,,60
2632,GBP,-19.52,
2633,GBP,,10
2634,GBP,,70
2635,GBP,-70,
2636,GBP,-13.86,
2637,GBP,-7.17,
2638,GBP,-10,
2639,GBP,-3.57,
2640,GBP,-7.99,
2641,GBP,,7.99
2642,GBP,-15.99,
2643,GBP,,5
2644,GBP,,19.02
2645,GBP,-14.51,
2646,GBP,,37
2647,GBP,-30,
2648,GBP,0,
2649,GBP,-19.47,
2650,GBP,,10
2651,GBP,-10,
2652,GBP,,10
2653,GBP,-11.86,
2654,GBP,,10
2655,GBP,-0.99,
2656,GBP,-2.58,
2657,GBP,,10
2658,GBP,-10,
2659,GBP,-4.95,
2660,GBP,,470
2661,GBP,-250,
2662,GBP,-64.67,
2663,GBP,-33.33,
2664,GBP,-50,
2665,GBP,-20,
2666,GBP,-2.49,
2667,GBP,-30,
2668,GBP,,20
2669,GBP,-16.22,
2670,GBP,-20,
2671,GBP,,30
2672,GBP,-11.7,
2673,GBP,0,
2674,GBP,-17.99,
2675,GBP,,50
2676,GBP,-14.5,
2677,GBP,-25,
2678,GBP,,35
2679,GBP,-30,
2680,GBP,-17.42,
2681,GBP,,5
2682,GBP,,10
2683,GBP,-10,
2684,GBP,,20
2685,GBP,-10,
2686,GBP,,10
2687,GBP,-27.39,
2688,GBP,,35
2689,GBP,-14.99,
2690,GBP,-7.08,
2691,GBP,-12.1,
2692,GBP,,35
2693,GBP,-20.47,
2694,GBP,-12.1,
2695,GBP,,74
2696,GBP,-11,
2697,GBP,-16.8,
2698,GBP,,70
2699,GBP,-45,
2700,GBP,-17.99,
2701,GBP,-10,
2702,GBP,-9,
2703,GBP,-2.78,
2704,GBP,-1.79,
2705,GBP,-10.35,
2706,GBP,-5,
2707,GBP,-3.57,
2708,GBP,-1.29,
2709,GBP,-10,
2710,GBP,,30.28
2711,GBP,-15.44,
2712,GBP,-5.78,
2713,GBP,-11.7,
2714,GBP,,35
2715,GBP,-6.98,
2716,GBP,-3.15,
2717,GBP,,300
2718,GBP,-300,
2719,GBP,-1.65,
2720,GBP,-1.65,
2721,GBP,-17,
2722,GBP,-2.99,
2723,GBP,,455
2724,GBP,-150,
2725,GBP,-200,
2726,GBP,-35,
2727,GBP,-70,
2728,GBP,,150
2729,GBP,-150,
2730,GBP,,25
2731,GBP,-13.01,
2732,GBP,,30
2733,GBP,-31.99,
2734,GBP,-3.59,
2735,GBP,,20
2736,GBP,-10,
2737,GBP,-3.87,
2738,GBP,-3.5,
2739,GBP,-2.49,
2740,GBP,-1.79,
2741,GBP,,300
2742,GBP,-300,
2743,GBP,-1.29,
2744,GBP,,25
2745,GBP,-6,
2746,GBP,-10,
2747,GBP,,10
2748,GBP,-17,
2749,GBP,,40
2750,GBP,-16.9,
2751,GBP,-17,
2752,GBP,,10
2753,GBP,-2.1,
2754,GBP,-3.5,
2755,GBP,-15,
2756,GBP,,20
2757,GBP,-15,
2758,GBP,,10
2759,GBP,-9.27,
2760,GBP,-3.99,
2761,GBP,,34
2762,GBP,-33.33,
2763,GBP,,10
2764,GBP,-11.99,
2765,GBP,,11
2766,GBP,,5
2767,GBP,-17,
2768,GBP,,53
2769,GBP,-17,
2770,GBP,-7.99,
2771,GBP,-15.5,
2772,GBP,-5.48,
2773,GBP,,10
2774,GBP,,55.66
2775,GBP,-22.46,
2776,GBP,,5
2777,GBP,-5,
2778,GBP,-15.99,
2779,GBP,-5.48,
2780,GBP,-6.37,
2781,GBP,,450
2782,GBP,-350,
2783,GBP,-100,
2784,GBP,-8.99,
2785,GBP,-13.2,
2786,GBP,,5
2787,GBP,,25
2788,GBP,-15.99,
2789,GBP,-12.33,
2790,GBP,,450
2791,GBP,-200,
2792,GBP,-150,
2793,GBP,-30,
2794,GBP,-30,
2795,GBP,-35,
2796,GBP,-10,
2797,GBP,,30
2798,GBP,-16.99,
2799,GBP,,20
2800,GBP,-15.33,
2801,GBP,-8.2,
2802,GBP,,20
2803,GBP,-12,
2804,GBP,-8.2,
2805,GBP,,10
2806,GBP,-10,
2807,GBP,,20
2808,GBP,-21.99,
2809,GBP,-2.49,
2810,GBP,,10
2811,GBP,,190
2812,GBP,-200,
2813,GBP,,12
2814,GBP,-12,
2815,GBP,-2.49,
2816,GBP,,20
2817,GBP,-5.66,
2818,GBP,-3.3,
2819,GBP,-9.28,
2820,GBP,,400
2821,GBP,-400,
2822,GBP,,10
2823,GBP,-7.99,
2824,GBP,,201.42
2825,GBP,-190,
2826,GBP,,20
2827,GBP,-24.6,
2828,GBP,-6.86,
2829,GBP,,15
2830,GBP,-13.99,
2831,GBP,,15
2832,GBP,-16.98,
2833,GBP,,20
2834,GBP,-11.45,
2835,GBP,,5
2836,GBP,,55
2837,GBP,-20,
2838,GBP,-15.62,
2839,GBP,-8,
2840,GBP,,340
2841,GBP,-340,
2842,GBP,-14.99,
2843,GBP,-1.39,
2844,GBP,,10
2845,GBP,-9.28,
2846,GBP,-10,
2847,GBP,-1.39,
2848,GBP,,30
2849,GBP,,5
2850,GBP,,50
2851,GBP,-45.66,
2852,GBP,-30,
2853,GBP,-1.39,
2854,GBP,-2.98,
2855,GBP,,30
2856,GBP,-8.75,
2857,GBP,-5.37,
2858,GBP,-3.19,
2859,GBP,-16.28,
2860,GBP,,30
2861,GBP,-2,
2862,GBP,-30,
2863,GBP,,516.06
2864,GBP,-200,
2865,GBP,-300,
2866,GBP,,40
2867,GBP,,65
2868,GBP,-64.67,
2869,GBP,-35,
2870,GBP,-15,
2871,GBP,,20
2872,GBP,-19.5,
2873,GBP,,15
2874,GBP,-17.54,
2875,GBP,-3.8,
2876,GBP,,30
2877,GBP,-29.99,
2878,GBP,-1,
2879,GBP,,300
2880,GBP,-300,
2881,GBP,,15
2882,GBP,,10
2883,GBP,-16.25,
2884,GBP,,10
2885,GBP,-7.82,
2886,GBP,,10
2887,GBP,-13.89,
2888,GBP,,100
2889,GBP,,20
2890,GBP,-120,
2891,GBP,,100
2892,GBP,-10,
2893,GBP,-90,
2894,GBP,,100
2895,GBP,-40,
2896,GBP,-8,
2897,GBP,-9,
2898,GBP,-8,
2899,GBP,-1.79,
2900,GBP,-21.82,
2901,GBP,-20.41,
2902,GBP,,90
2903,GBP,-13.55,
2904,GBP,-4.8,
2905,GBP,-10,
2906,GBP,-17.56,
2907,GBP,-10,
2908,GBP,,50
2909,GBP,-35,
2910,GBP,-2.35,
2911,GBP,-7.99,
2912,GBP,-3.5,
2913,GBP,,125
2914,GBP,-125.8,
2915,GBP,-9.78,
2916,GBP,-5,
2917,GBP,,200
2918,GBP,-200,
2919,GBP,-12.23,
2920,GBP,,5
2921,GBP,-5,
2922,GBP,,500
2923,GBP,-30,
2924,GBP,,5
2925,GBP,-45.67,
2926,GBP,-200,
2927,GBP,-150,
2928,GBP,-35,
2929,GBP,-35,
2930,GBP,,80
2931,GBP,-62,
2932,GBP,-13,
2933,GBP,-12,
2934,GBP,,11.15
2935,GBP,-16,
2936,GBP,,25
2937,GBP,-13,
2938,GBP,,5
2939,GBP,,160
2940,GBP,-160,
2941,GBP,-7.85,
2942,GBP,-3.5,
2943,GBP,,20
2944,GBP,-7.4,
2945,GBP,-8.99,
2946,GBP,,30
2947,GBP,-15.99,
2948,GBP,-10,
2949,GBP,-2,
2950,GBP,,20
2951,GBP,-2.68,
2952,GBP,-0.99,
2953,GBP,-7.54,
2954,GBP,-5.78,
2955,GBP,,20
2956,GBP,-11.75,
2957,GBP,-9.76,
2958,GBP,,30
2959,GBP,-33.33,
2960,GBP,-2.49,
2961,GBP,,20
2962,GBP,-10.18,
2963,GBP,,5
2964,GBP,-23.67,
2965,GBP,,15
2966,GBP,,210
2967,GBP,-18,
2968,GBP,,100
2969,GBP,-10,
2970,GBP,-100,
2971,GBP,-90,
2972,GBP,-110,
2973,GBP,,20
2974,GBP,-15.45,
2975,GBP,,3
2976,GBP,,10
2977,GBP,-9.35,
2978,GBP,-6,
2979,GBP,,10
2980,GBP,-6.25,
2981,GBP,,15
2982,GBP,-3.5,
2983,GBP,,15
2984,GBP,-4.18,
2985,GBP,-14.99,
2986,GBP,,10
2987,GBP,-10,
2988,GBP,,10
2989,GBP,-2.88,
2990,GBP,-10,
2991,GBP,-5.8,
2992,GBP,,20
2993,GBP,-20.99,
2994,GBP,,40
2995,GBP,-20,
2996,GBP,,20.99
2997,GBP,-17.53,
2998,GBP,-10,
2999,GBP,,400
3000,GBP,-400,
3001,GBP,,20
3002,GBP,-7,
3003,GBP,-12.77,
3004,GBP,,12
3005,GBP,-17.3,
3006,GBP,,480
3007,GBP,-180,
3008,GBP,-200,
3009,GBP,-35,
3010,GBP,-45.67,
3011,GBP,,33
3012,GBP,,20.07
3013,GBP,-46,
3014,GBP,-18,
3015,GBP,-10,
3016,GBP,,30
3017,GBP,-7.6,
3018,GBP,-5.99,
3019,GBP,-8,
3020,GBP,-11,
3021,GBP,,30
3022,GBP,-30,
3023,GBP,-3.29,
3024,GBP,,300
3025,GBP,,400
3026,GBP,-300,
3027,GBP,-300,
3028,GBP,,300
3029,GBP,-400,
3030,GBP,,25
3031,GBP,,25
3032,GBP,-25,
3033,GBP,-20,
3034,GBP,,69.99
3035,GBP,-69.99,
3036,GBP,,10
3037,GBP,,10
3038,GBP,-10,
3039,GBP,,20
3040,GBP,-25.33,
3041,GBP,,25
3042,GBP,-30,
3043,GBP,,14
3044,GBP,-15,
3045,GBP,,100
3046,GBP,,300
3047,GBP,-400,
3048,GBP,,160.81
3049,GBP,-160.81,
3050,GBP,-1.79,
3051,GBP,,36.58
3052,GBP,-20,
3053,GBP,-20.31,
3054,GBP,,15
3055,GBP,,20
3056,GBP,-7.69,
3057,GBP,-10.6,
3058,GBP,,1
3059,GBP,,157.59
3060,GBP,-157.59,
3061,GBP,,10
3062,GBP,-16.78,
3063,GBP,,20
3064,GBP,-10,
3065,GBP,-1.59,
3066,GBP,,17.52
3067,GBP,-17.52,
3068,GBP,-6,
3069,GBP,,67.03
3070,GBP,-67.03,
3071,GBP,,23
3072,GBP,-23,
3073,GBP,-3,
3074,GBP,,20
3075,GBP,-13,
3076,GBP,,10
3077,GBP,-10,
3078,GBP,-1.65,
3079,GBP,-7.99,
3080,GBP,,15
3081,GBP,-6.39,
3082,GBP,-4,
3083,GBP,,50
3084,GBP,-50,
3085,GBP,,31.43
3086,GBP,-31.43,
3087,GBP,-10,
3088,GBP,,31.43
3089,GBP,-31.43,
3090,GBP,,20
3091,GBP,-2.29,
3092,GBP,,35
3093,GBP,,10
3094,GBP,0,
3095,GBP,-35.99,
3096,GBP,,30.41
3097,GBP,-30.41,
3098,GBP,-21.03,
3099,GBP,,549.36
3100,GBP,-25,
3101,GBP,-13,
3102,GBP,-33.33,
3103,GBP,-35,
3104,GBP,-150,
3105,GBP,-200,
3106,GBP,-60,
3107,GBP,-35,
3108,GBP,,10
3109,GBP,,22.75
3110,GBP,-10,
3111,GBP,,15
3112,GBP,-29.93,
3113,GBP,0,
3114,GBP,-5.59,
3115,GBP,,10
3116,GBP,-9.2,
3117,GBP,-10,
3118,GBP,,12.18
3119,GBP,-13,
3120,GBP,,30
3121,GBP,,45
3122,GBP,-6.99,
3123,GBP,-5,
3124,GBP,-11.98,
3125,GBP,-9.78,
3126,GBP,-3.49,
3127,GBP,-25,
3128,GBP,-1.59,
3129,GBP,,10
3130,GBP,-10,
3131,GBP,-8.99,
3132,GBP,,5.55
3133,GBP,-5.55,
3134,GBP,,50
3135,GBP,-6,
3136,GBP,-15.99,
3137,GBP,-16,
3138,GBP,-3.4,
3139,GBP,,17.32
3140,GBP,-18,
3141,GBP,-11,
3142,GBP,,170
3143,GBP,,15
3144,GBP,-15,
3145,GBP,,30
3146,GBP,-173.4,
3147,GBP,,20
3148,GBP,-28.68,
3149,GBP,-8.98,
3150,GBP,,20
3151,GBP,-10,
3152,GBP,,40
3153,GBP,,166.45
3154,GBP,,20
3155,GBP,-240,
3156,GBP,,100
3157,GBP,-24.47,
3158,GBP,-11.82,
3159,GBP,-2.49,
3160,GBP,-10.05,
3161,GBP,-7.4,
3162,GBP,-8.28,
3163,GBP,-11.9,
3164,GBP,,220
3165,GBP,-150,
3166,GBP,-7.97,
3167,GBP,-4.3,
3168,GBP,-3,
3169,GBP,-20,
3170,GBP,-17.4,
3171,GBP,-10.1,
3172,GBP,-3.69,
3173,GBP,-16.99,
3174,GBP,-10,
3175,GBP,,50
3176,GBP,-32.81,
3177,GBP,-13.98,
3178,GBP,,30
3179,GBP,-30,
3180,GBP,,35.71
3181,GBP,-35.71,
3182,GBP,,25.39
3183,GBP,-29,
3184,GBP,,5.55
3185,GBP,,33.33
3186,GBP,-33.33,
3187,GBP,,734.22
3188,GBP,-26.32,
3189,GBP,-33.33,
3190,GBP,-30,
3191,GBP,-200,
3192,GBP,-200,
3193,GBP,-30,
3194,GBP,-100,
3195,GBP,-13.3,
3196,GBP,-3.41,
3197,GBP,,30
3198,GBP,-13.6,
3199,GBP,-100,
3200,GBP,,25.46
3201,GBP,-25.46,
3202,GBP,,12.14
3203,GBP,-12.14,
3204,GBP,,31.94
3205,GBP,-31.94,
3206,GBP,-15,
3207,GBP,,20
3208,GBP,-6,
3209,GBP,,9.63
3210,GBP,-9.63,
3211,GBP,,55
3212,GBP,-40,
3213,GBP,-25,
3214,GBP,,50
3215,GBP,-25,
3216,GBP,,30
3217,GBP,-30,
3218,GBP,-30,
3219,GBP,,20.08
3220,GBP,-10,
3221,GBP,-15,
3222,GBP,,50
3223,GBP,,50
3224,GBP,-30,
3225,GBP,,47
3226,GBP,-47,
3227,GBP,-23,
3228,GBP,,20
3229,GBP,-20,
3230,GBP,,22
3231,GBP,-22,
3232,GBP,-9,
3233,GBP,,11.99
3234,GBP,-12,
3235,GBP,,300
3236,GBP,-300,
3237,GBP,-19.69,
3238,GBP,-20.42,
3239,GBP,,15
3240,GBP,,15
3241,GBP,-17.74,
3242,GBP,-5.07,
3243,GBP,,25
3244,GBP,-25,
3245,GBP,,25
3246,GBP,-23,
3247,GBP,-4.43,
